{"stage1": {"accuracy": [0.8594827651977539, 0.9064655303955078, 0.9245689511299133, 0.9267241358757019, 0.954741358757019, 0.9556034207344055, 0.9620689749717712, 0.9590517282485962, 0.9629310369491577, 0.9728448390960693, 0.9702585935592651, 0.9715517163276672, 0.9706896543502808, 0.9737069010734558], "loss": [0.5973131656646729, 0.3258388042449951, 0.21944336593151093, 0.2234974056482315, 0.11668906360864639, 0.12064127624034882, 0.09800351411104202, 0.10019547492265701, 0.10155927389860153, 0.08149126917123795, 0.07376202195882797, 0.0667104423046112, 0.06689959019422531, 0.06781072169542313], "val_accuracy": [0.9413793087005615, 0.9379310607910156, 0.9431034326553345, 0.9431034326553345, 0.9482758641242981, 0.9534482955932617, 0.9482758641242981, 0.9465517401695251, 0.949999988079071, 0.951724112033844, 0.951724112033844, 0.949999988079071, 0.9534482955932617, 0.951724112033844], "val_loss": [0.20794051885604858, 0.19759409129619598, 0.23810361325740814, 0.20081675052642822, 0.18716800212860107, 0.17662827670574188, 0.18181155622005463, 0.17236483097076416, 0.16788344085216522, 0.17750467360019684, 0.1752794235944748, 0.17668388783931732, 0.17525814473628998, 0.1756068617105484], "learning_rate": [0.0010000000474974513, 0.0010000000474974513, 0.0010000000474974513, 0.0010000000474974513, 0.00020000000949949026, 0.00020000000949949026, 0.00020000000949949026, 0.00020000000949949026, 0.00020000000949949026, 0.00020000000949949026, 0.00020000000949949026, 4.0000002627493814e-05, 4.0000002627493814e-05, 8.000000889296643e-06]}, "stage2": {"accuracy": [0.9581896662712097, 0.9607758522033691, 0.9668103456497192, 0.9659482836723328, 0.9745689630508423, 0.9741379022598267, 0.9715517163276672, 0.9750000238418579, 0.9762930870056152, 0.9745689630508423, 0.9762930870056152], "loss": [0.11519002914428711, 0.09794120490550995, 0.08752060681581497, 0.09308742731809616, 0.07164064794778824, 0.06803180277347565, 0.07521934062242508, 0.07231414318084717, 0.061561740934848785, 0.07407502084970474, 0.0600217804312706], "val_accuracy": [0.9568965435028076, 0.9534482955932617, 0.949999988079071, 0.9534482955932617, 0.9551724195480347, 0.9482758641242981, 0.949999988079071, 0.9482758641242981, 0.9465517401695251, 0.949999988079071, 0.949999988079071], "val_loss": [0.17206303775310516, 0.1654747724533081, 0.1646067202091217, 0.16408054530620575, 0.16422563791275024, 0.16182829439640045, 0.1622483879327774, 0.16247814893722534, 0.16162638366222382, 0.16322873532772064, 0.16196975111961365], "learning_rate": [9.999999747378752e-06, 9.999999747378752e-06, 9.999999747378752e-06, 9.999999747378752e-06, 9.999999747378752e-06, 9.999999747378752e-06, 9.999999747378752e-06, 9.999999747378752e-06, 1.9999999949504854e-06, 1.9999999949504854e-06, 1.9999999949504854e-06]}}